{
  "Gradient": {
    "best": 0.2999990884927123,
    "index": 1,
    "integer": false,
    "label": "Gradient",
    "mean": 0.30193997378691756,
    "median": 0.3018165122618509,
    "p68": [
      0.2981664284990974,
      0.3064301638077725
    ],
    "p68_range": [
      0.2981664284990974,
      0.3064301638077725
    ],
    "p95": [
      0.29523130077105436,
      0.3085131752771844
    ],
    "p95_range": [
      0.29523130077105436,
      0.3085131752771844
    ],
    "std": 0.003659242875576852
  },
  "Intercept": {
    "best": 0.9999933935272454,
    "index": 2,
    "integer": false,
    "label": "Intercept",
    "mean": 0.9675087037184248,
    "median": 0.9736504127492355,
    "p68": [
      0.9370901899560339,
      0.992696767055226
    ],
    "p68_range": [
      0.9370901899560339,
      0.992696767055226
    ],
    "p95": [
      0.9133478001847769,
      0.9993634309291977
    ],
    "p95_range": [
      0.9133478001847769,
      0.9993634309291977
    ],
    "std": 0.025142401528158876
  }
}